Workbook

Sheet Add
A1: RTLx | B1: QU_IN_1_DWT | C1: QU_IN_1_FRAC | D1: QU_IN_1_IF_SIGNED | E1: QU_IN_2_DWT | F1: QU_IN_2_FRAC | G1: QU_IN_2_IF_SIGNED | H1: QU_OUT_DWT | I1: QU_OUT_FRAC | J1: QU_OUT_IF_SIGNED | K1: N_CLK | L1: QU_MODE | M1: OF_MODE | N1: IF_RST_N | O1: area | P1: Est_ADD | Q1: MAPE | R1: 来源 | S1: 综合时间(s) | T1: 评估时间(s)
A2: RTL1 | B2: 9 | C2: 6 | D2: true | E2: 10 | F2: 2 | G2: false | H2: 10 | I2: 3 | J2: true | K2: 4 | L2: TRN.TCPL | M2: WRP.TCPL | N2: true | O2: 386.11999 | P2: 377.07782 | Q2: =ABS(P2-O2)/O2 | R2: basic | S2: 18.6 | T2: 0.00011760002
A3: RTL2 | B3: 16 | C3: 2 | D3: true | E3: 8 | F3: 4 | G3: true | H3: 5 | I3: 1 | J3: true | K3: 2 | L3: TRN.TCPL | M3: WRP.TCPL | N3: false | O3: 120.68 | P3: 119.54569 | Q3: =ABS(P3-O3)/O3 | R3: basic | S3: 19.19 | T3: 9.9500001e-05
A4: RTL3 | B4: 16 | C4: 8 | D4: false | E4: 4 | F4: 1 | G4: false | H4: 5 | I4: 1 | J4: false | K4: 0 | L4: TRN.TCPL | M4: WRP.TCPL | N4: false | O4: 55.16 | P4: 55.263026 | Q4: =ABS(P4-O4)/O4 | R4: basic | S4: 19.27 | T4: 9.9800003e-05
A5: RTL4 | B5: 10 | C5: 8 | D5: false | E5: 8 | F5: 6 | G5: true | H5: 12 | I5: 0 | J5: true | K5: 3 | L5: TRN.TCPL | M5: WRP.TCPL | N5: true | O5: 319.75999 | P5: 313.56261 | Q5: =ABS(P5-O5)/O5 | R5: basic | S5: 18.17 | T5: 9.7799988e-05
A6: RTL5 | B6: 10 | C6: 1 | D6: false | E6: 10 | F6: 4 | G6: false | H6: 12 | I6: 1 | J6: false | K6: 1 | L6: TRN.TCPL | M6: WRP.TCPL | N6: true | O6: 180.04 | P6: 181.76559 | Q6: =ABS(P6-O6)/O6 | R6: basic | S6: 18.81 | T6: 9.9800003e-05
A7: RTL6 | B7: 12 | C7: 3 | D7: true | E7: 8 | F7: 4 | G7: true | H7: 5 | I7: 2 | J7: true | K7: 6 | L7: TRN.TCPL | M7: WRP.TCPL | N7: true | O7: 263.47999 | P7: 262.34569 | Q7: =ABS(P7-O7)/O7 | R7: basic | S7: 19.19 | T7: 9.1299997e-05
A8: RTL7 | B8: 6 | C8: 4 | D8: false | E8: 5 | F8: 1 | G8: true | H8: 16 | I8: 8 | J8: true | K8: 1 | L8: TRN.TCPL | M8: WRP.TCPL | N8: true | O8: 143.92 | P8: 157.64061 | Q8: =ABS(P8-O8)/O8 | R8: basic | S8: 19.02 | T8: 9.1599999e-05
A9: RTL8 | B9: 8 | C9: 3 | D9: false | E9: 9 | F9: 6 | G9: true | H9: 6 | I9: 0 | J9: true | K9: 1 | L9: TRN.TCPL | M9: WRP.TCPL | N9: true | O9: 125.16 | P9: 128.43568 | Q9: =ABS(P9-O9)/O9 | R9: basic | S9: 19.37 | T9: 9.4200019e-05
A10: RTL9 | B10: 9 | C10: 2 | D10: false | E10: 8 | F10: 0 | G10: false | H10: 12 | I10: 8 | J10: false | K10: 4 | L10: TRN.TCPL | M10: WRP.TCPL | N10: false | O10: 191.8 | P10: 192.17033 | Q10: =ABS(P10-O10)/O10 | R10: basic | S10: 19.63 | T10: 9.2800008e-05
A11: RTL10 | B11: 9 | C11: 2 | D11: true | E11: 9 | F11: 4 | G11: false | H11: 12 | I11: 0 | J11: true | K11: 0 | L11: TRN.TCPL | M11: WRP.TCPL | N11: true | O11: 107.52 | P11: 120.27142 | Q11: =ABS(P11-O11)/O11 | R11: basic | S11: 19.44 | T11: 0.00010090001
A12: RTL11 | B12: 14 | C12: 1 | D12: true | E12: 9 | F12: 6 | G12: false | H12: 5 | I12: 1 | J12: true | K12: 0 | L12: TRN.TCPL | M12: WRP.TCPL | N12: true | O12: 55.16 | P12: 60.616664 | Q12: =ABS(P12-O12)/O12 | R12: basic | S12: 19.42 | T12: 9.5299969e-05
A13: RTL12 | B13: 14 | C13: 3 | D13: true | E13: 5 | F13: 0 | G13: true | H13: 16 | I13: 4 | J13: true | K13: 2 | L13: TRN.TCPL | M13: WRP.TCPL | N13: true | O13: 349.43999 | P13: 352.99553 | Q13: =ABS(P13-O13)/O13 | R13: basic | S13: 19.95 | T13: 9.8599994e-05
... A161: RTL60 | B161: 6 | C161: 3 | D161: false | E161: 9 | F161: 8 | G161: false | H161: 14 | I161: 2 | J161: false | K161: 1 | L161: TRN.TCPL | M161: WRP.TCPL | N161: true | O161: 102.2 | P161: 101.12303 | Q161: =ABS(P161-O161)/O161 | R161: extra | S161: 18.64 | T161: 0.00010090001

Sheet Sub
A1: RTLx | B1: QU_IN_1_DWT | C1: QU_IN_1_FRAC | D1: QU_IN_1_IF_SIGNED | E1: QU_IN_2_DWT | F1: QU_IN_2_FRAC | G1: QU_IN_2_IF_SIGNED | H1: QU_OUT_DWT | I1: QU_OUT_FRAC | J1: QU_OUT_IF_SIGNED | K1: N_CLK | L1: QU_MODE | M1: OF_MODE | N1: IF_RST_N | O1: area | P1: Est_SUB | Q1: MAPE | R1: 来源 | S1: 综合时间(s) | T1: 评估时间(s)
A2: RTL1 | B2: 10 | C2: 4 | D2: true | E2: 12 | F2: 4 | G2: true | H2: 9 | I2: 0 | J2: true | K2: 3 | L2: TRN.TCPL | M2: WRP.TCPL | N2: false | O2: 344.68 | P2: 350.1277 | Q2: =ABS(P2-O2)/O2 | R2: basic | S2: 20.2 | T2: 6.0199993e-05
A3: RTL2 | B3: 6 | C3: 4 | D3: true | E3: 14 | F3: 2 | G3: false | H3: 10 | I3: 2 | J3: true | K3: 1 | L3: TRN.TCPL | M3: WRP.TCPL | N3: false | O3: 236.32 | P3: 216.06052 | Q3: =ABS(P3-O3)/O3 | R3: basic | S3: 19.96 | T3: 5.2900054e-05
A4: RTL3 | B4: 16 | C4: 4 | D4: false | E4: 9 | F4: 6 | G4: true | H4: 12 | I4: 6 | J4: true | K4: 1 | L4: TRN.TCPL | M4: WRP.TCPL | N4: true | O4: 260.68 | P4: 257.91561 | Q4: =ABS(P4-O4)/O4 | R4: basic | S4: 19.39 | T4: 5.8300036e-05
A5: RTL4 | B5: 16 | C5: 3 | D5: true | E5: 6 | F5: 0 | G5: true | H5: 8 | I5: 0 | J5: true | K5: 4 | L5: TRN.TCPL | M5: WRP.TCPL | N5: false | O5: 323.12 | P5: 307.6819 | Q5: =ABS(P5-O5)/O5 | R5: basic | S5: 19.76 | T5: 5.0499977e-05
A6: RTL5 | B6: 8 | C6: 1 | D6: true | E6: 6 | F6: 3 | G6: true | H6: 9 | I6: 8 | J6: true | K6: 2 | L6: TRN.TCPL | M6: WRP.TCPL | N6: false | O6: 86.800001 | P6: 80.549226 | Q6: =ABS(P6-O6)/O6 | R6: basic | S6: 19.89 | T6: 4.0500017e-05
A7: RTL6 | B7: 12 | C7: 1 | D7: true | E7: 9 | F7: 4 | G7: true | H7: 16 | I7: 1 | J7: true | K7: 1 | L7: TRN.TCPL | M7: WRP.TCPL | N7: false | O7: 284.48 | P7: 311.92184 | Q7: =ABS(P7-O7)/O7 | R7: basic | S7: 19.67 | T7: 5.9100043e-05
A8: RTL7 | B8: 14 | C8: 4 | D8: false | E8: 12 | F8: 0 | G8: true | H8: 16 | I8: 0 | J8: true | K8: 3 | L8: TRN.TCPL | M8: WRP.TCPL | N8: true | O8: 533.39999 | P8: 544.62327 | Q8: =ABS(P8-O8)/O8 | R8: basic | S8: 19.62 | T8: 6.1700004e-05
A9: RTL8 | B9: 16 | C9: 8 | D9: true | E9: 12 | F9: 2 | G9: false | H9: 8 | I9: 6 | J9: true | K9: 1 | L9: TRN.TCPL | M9: WRP.TCPL | N9: true | O9: 122.08 | P9: 129.70192 | Q9: =ABS(P9-O9)/O9 | R9: basic | S9: 19.13 | T9: 5.5599958e-05
A10: RTL9 | B10: 14 | C10: 1 | D10: true | E10: 6 | F10: 2 | G10: true | H10: 10 | I10: 0 | J10: true | K10: 0 | L10: TRN.TCPL | M10: WRP.TCPL | N10: true | O10: 166.88 | P10: 180.32074 | Q10: =ABS(P10-O10)/O10 | R10: basic | S10: 19.66 | T10: 5.6599965e-05
A11: RTL10 | B11: 12 | C11: 2 | D11: false | E11: 5 | F11: 1 | G11: true | H11: 12 | I11: 2 | J11: true | K11: 0 | L11: TRN.TCPL | M11: WRP.TCPL | N11: true | O11: 163.24 | P11: 187.8736 | Q11: =ABS(P11-O11)/O11 | R11: basic | S11: 19.8 | T11: 5.4100004e-05
A12: RTL11 | B12: 10 | C12: 1 | D12: true | E12: 14 | F12: 3 | G12: false | H12: 9 | I12: 1 | J12: true | K12: 2 | L12: TRN.TCPL | M12: WRP.TCPL | N12: false | O12: 268.8 | P12: 255.711 | Q12: =ABS(P12-O12)/O12 | R12: basic | S12: 19.95 | T12: 5.4000004e-05
A13: RTL12 | B13: 6 | C13: 3 | D13: true | E13: 14 | F13: 1 | G13: true | H13: 16 | I13: 3 | J13: true | K13: 2 | L13: TRN.TCPL | M13: WRP.TCPL | N13: false | O13: 430.08 | P13: 416.93526 | Q13: =ABS(P13-O13)/O13 | R13: basic | S13: 19.42 | T13: 6.6399982e-05
... A161: RTL60 | B161: 10 | C161: 5 | D161: false | E161: 8 | F161: 5 | G161: true | H161: 2 | I161: 0 | J161: true | K161: 1 | L161: TRN.TCPL | M161: WRP.TCPL | N161: false | O161: 98.28 | P161: 95.070588 | Q161: =ABS(P161-O161)/O161 | R161: extra | S161: 18.31 | T161: 4.8599963e-05

Sheet Mul
A1: RTLx | B1: QU_IN_1_DWT | C1: QU_IN_1_FRAC | D1: QU_IN_1_IF_SIGNED | E1: QU_IN_2_DWT | F1: QU_IN_2_FRAC | G1: QU_IN_2_IF_SIGNED | H1: QU_OUT_DWT | I1: QU_OUT_FRAC | J1: QU_OUT_IF_SIGNED | K1: N_CLK | L1: QU_MODE | M1: OF_MODE | N1: IF_RST_N | O1: area | P1: Est_MUL | Q1: MAPE | R1: 来源 | S1: 综合时间(s) | T1: 评估时间(s)
A2: RTL1 | B2: 6 | C2: 4 | D2: true | E2: 14 | F2: 2 | G2: true | H2: 16 | I2: 0 | J2: true | K2: 1 | L2: TRN.TCPL | M2: WRP.TCPL | N2: true | O2: 1167.04 | P2: 1114.1648 | Q2: =ABS(P2-O2)/O2 | R2: basic | S2: 20.76 | T2: 0.00025540002
A3: RTL2 | B3: 9 | C3: 3 | D3: true | E3: 8 | F3: 3 | G3: false | H3: 16 | I3: 0 | J3: true | K3: 1 | L3: TRN.TCPL | M3: WRP.TCPL | N3: true | O3: 949.75999 | P3: 926.66185 | Q3: =ABS(P3-O3)/O3 | R3: basic | S3: 20.85 | T3: 0.0002451
A4: RTL3 | B4: 12 | C4: 2 | D4: false | E4: 9 | F4: 4 | G4: false | H4: 10 | I4: 0 | J4: false | K4: 2 | L4: TRN.TCPL | M4: WRP.TCPL | N4: true | O4: 968.51999 | P4: 1013.782 | Q4: =ABS(P4-O4)/O4 | R4: basic | S4: 20.05 | T4: 0.0002441
A5: RTL4 | B5: 12 | C5: 8 | D5: false | E5: 6 | F5: 0 | G5: true | H5: 6 | I5: 4 | J5: true | K5: 0 | L5: TRN.TCPL | M5: WRP.TCPL | N5: false | O5: 720.99999 | P5: 729.36095 | Q5: =ABS(P5-O5)/O5 | R5: basic | S5: 20.59 | T5: 0.00023800001
A6: RTL5 | B6: 12 | C6: 4 | D6: false | E6: 12 | F6: 1 | G6: true | H6: 9 | I6: 3 | J6: true | K6: 3 | L6: TRN.TCPL | M6: WRP.TCPL | N6: false | O6: 1786.4 | P6: 1741.6567 | Q6: =ABS(P6-O6)/O6 | R6: basic | S6: 21.3 | T6: 0.00027039996
A7: RTL6 | B7: 10 | C7: 4 | D7: true | E7: 9 | F7: 2 | G7: false | H7: 16 | I7: 2 | J7: true | K7: 6 | L7: TRN.TCPL | M7: WRP.TCPL | N7: true | O7: 1725.36 | P7: 1688.0947 | Q7: =ABS(P7-O7)/O7 | R7: basic | S7: 20.73 | T7: 0.00023529999
A8: RTL7 | B8: 12 | C8: 1 | D8: true | E8: 6 | F8: 1 | G8: true | H8: 9 | I8: 3 | J8: true | K8: 1 | L8: TRN.TCPL | M8: WRP.TCPL | N8: false | O8: 868.55999 | P8: 864.96898 | Q8: =ABS(P8-O8)/O8 | R8: basic | S8: 20.82 | T8: 0.00025350001
A9: RTL8 | B9: 10 | C9: 6 | D9: false | E9: 6 | F9: 4 | G9: false | H9: 16 | I9: 0 | J9: false | K9: 3 | L9: TRN.TCPL | M9: WRP.TCPL | N9: true | O9: 601.99999 | P9: 800.89984 | Q9: =ABS(P9-O9)/O9 | R9: basic | S9: 20.37 | T9: 0.0002443
A10: RTL9 | B10: 12 | C10: 3 | D10: true | E10: 6 | F10: 2 | G10: true | H10: 5 | I10: 2 | J10: true | K10: 6 | L10: TRN.TCPL | M10: WRP.TCPL | N10: false | O10: 1061.76 | P10: 1060.9849 | Q10: =ABS(P10-O10)/O10 | R10: basic | S10: 21.61 | T10: 0.00023529999
A11: RTL10 | B11: 14 | C11: 8 | D11: true | E11: 8 | F11: 2 | G11: false | H11: 6 | I11: 2 | J11: true | K11: 0 | L11: TRN.TCPL | M11: WRP.TCPL | N11: true | O11: 1209.88 | P11: 1200.8218 | Q11: =ABS(P11-O11)/O11 | R11: basic | S11: 21.4 | T11: 0.00023999996
A12: RTL11 | B12: 9 | C12: 2 | D12: true | E12: 5 | F12: 2 | G12: false | H12: 6 | I12: 0 | J12: true | K12: 2 | L12: TRN.TCPL | M12: WRP.TCPL | N12: true | O12: 637.55999 | P12: 628.16949 | Q12: =ABS(P12-O12)/O12 | R12: basic | S12: 20.59 | T12: 0.00022849999
A13: RTL12 | B13: 9 | C13: 6 | D13: true | E13: 10 | F13: 4 | G13: false | H13: 9 | I13: 3 | J13: true | K13: 6 | L13: TRN.TCPL | M13: WRP.TCPL | N13: true | O13: 1419.88 | P13: 1409.0965 | Q13: =ABS(P13-O13)/O13 | R13: basic | S13: 20.98 | T13: 0.00023500004
... A231: RTL130 | B231: 5 | C231: 3 | D231: true | E231: 14 | F231: 3 | G231: false | H231: 6 | I231: 2 | J231: true | K231: 6 | L231: TRN.TCPL | M231: WRP.TCPL | N231: true | O231: 1085 | P231: 1017.803 | Q231: =ABS(P231-O231)/O231 | R231: extra | S231: 19.59 | T231: 0.00024000002

Sheet Delay
A1: RTLx | B1: DWT | C1: N_CLK | D1: IF_RST_N | E1: area | F1: Est_Delay | G1: MAPE | H1: 来源 | I1: 综合时间(s) | J1: 评估时间(s)
A2: RTL1 | B2: 5 | C2: 16 | D2: false | E2: 470.40001 | F2: 470.4 | G2: =ABS(F2-E2)/E2 | H2: basic | I2: 18.81 | J2: 1.2000091e-06
A3: RTL2 | B3: 9 | C3: 5 | D3: true | false | true | false | true | E3: 287.28 | F3: 287.28 | G3: =ABS(F3-E3)/E3 | H3: basic | I3: 18.5 | J3: 1.5000114e-06
A4: RTL3 | B4: 3 | C4: 1 | D4: true | E4: 20.159999 | F4: 20.16 | G4: =ABS(F4-E4)/E4 | H4: basic | I4: 18.63 | J4: 1.1000084e-06
A5: RTL4 | B5: 8 | C5: 5 | D5: true | false | false | true | false | E5: 248.64 | F5: 248.64 | G5: =ABS(F5-E5)/E5 | H5: basic | I5: 18.52 | J5: 1.5000114e-06
A6: RTL5 | B6: 4 | C6: 1 | D6: true | E6: 26.879999 | F6: 26.88 | G6: =ABS(F6-E6)/E6 | H6: basic | I6: 18.33 | J6: 1.1000084e-06
A7: RTL6 | B7: 2 | C7: 4 | D7: false | true | false | true | E7: 50.4 | F7: 50.4 | G7: =ABS(F7-E7)/E7 | H7: basic | I7: 18.71 | J7: 1.4000107e-06
A8: RTL7 | B8: 7 | C8: 1 | D8: false | E8: 41.160001 | F8: 41.16 | G8: =ABS(F8-E8)/E8 | H8: basic | I8: 18.49 | J8: 1.1000084e-06
A9: RTL8 | B9: 12 | C9: 5 | D9: true | false | true | false | true | E9: 383.03999 | F9: 383.04 | G9: =ABS(F9-E9)/E9 | H9: basic | I9: 18.52 | J9: 1.4000107e-06
A10: RTL9 | B10: 1 | C10: 3 | D10: false | E10: 17.64 | F10: 17.64 | G10: =ABS(F10-E10)/E10 | H10: basic | I10: 18.72 | J10: 1.1000084e-06
A11: RTL10 | B11: 7 | C11: 4 | D11: false | true | true | false | E11: 176.4 | F11: 176.4 | G11: =ABS(F11-E11)/E11 | H11: basic | I11: 18.98 | J11: 1.4000107e-06
A12: RTL11 | B12: 40 | C12: 3 | D12: false | E12: 705.60001 | F12: 705.6 | G12: =ABS(F12-E12)/E12 | H12: basic | I12: 18.77 | J12: 1.0999502e-06
A13: RTL12 | B13: 5 | C13: 4 | D13: true | false | true | false | E13: 126 | F13: 126 | G13: =ABS(F13-E13)/E13 | H13: basic | I13: 18.48 | J13: 1.4000107e-06
... A101: RTL100 | B101: 48 | C101: 4 | D101: true | false | false | true | E101: 1209.6 | F101: 1209.6 | G101: =ABS(F101-E101)/E101 | H101: basic | I101: 18.9 | J101: 1.4000107e-06

Sheet FxMatch
A1: RTLx | B1: QU_IN_DWT | C1: QU_IN_FRAC | D1: QU_IN_IF_SIGNED | E1: QU_OUT_DWT | F1: QU_OUT_FRAC | G1: QU_OUT_IF_SIGNED | H1: QU_MODE | I1: OF_MODE | J1: N_CLK | K1: IF_RST_N | L1: area | M1: Est_FxMatch | N1: MAPE | O1: 来源 | P1: 综合时间(s) | Q1: 评估时间(s)
A2: RTL1 | B2: 4 | C2: 0 | D2: true | E2: 10 | F2: 0 | G2: true | H2: TRN.TCPL | I2: WRP.TCPL | J2: 3 | K2: true | L2: 201.59999 | M2: 201.6 | N2: =ABS(M2-L2)/L2 | O2: basic | P2: 18.3 | Q2: 4.9999799e-06
A3: RTL2 | B3: 10 | C3: 3 | D3: false | E3: 5 | F3: 1 | G3: true | H3: TRN.TCPL | I3: WRP.TCPL | J3: 6 | K3: false | L3: 176.4 | M3: 176.4 | N3: =ABS(M3-L3)/L3 | O3: basic | P3: 20.21 | Q3: 4.3999753e-06
A4: RTL3 | B4: 8 | C4: 0 | D4: false | E4: 12 | F4: 3 | G4: false | H4: TRN.TCPL | I4: WRP.TCPL | J4: 4 | K4: false | L4: 191.52 | M4: 191.52 | N4: =ABS(M4-L4)/L4 | O4: basic | P4: 19.48 | Q4: 5.0999806e-06
A5: RTL4 | B5: 14 | C5: 3 | D5: true | E5: 5 | F5: 0 | G5: true | H5: TRN.TCPL | I5: WRP.TCPL | J5: 4 | K5: true | L5: 134.4 | M5: 134.4 | N5: =ABS(M5-L5)/L5 | O5: basic | P5: 19.1 | Q5: 4.6999776e-06
A6: RTL5 | B6: 9 | C6: 6 | D6: false | E6: 9 | F6: 1 | G6: true | H6: TRN.TCPL | I6: WRP.TCPL | J6: 0 | K6: true | L6: 8.68 | M6: 8.68 | N6: =ABS(M6-L6)/L6 | O6: basic | P6: 19.3 | Q6: 4.7000358e-06
A7: RTL6 | B7: 12 | C7: 6 | D7: false | E7: 5 | F7: 0 | G7: true | H7: TRN.TCPL | I7: WRP.TCPL | J7: 3 | K7: false | L7: 88.200002 | M7: 88.2 | N7: =ABS(M7-L7)/L7 | O7: basic | P7: 18.91 | Q7: 4.3999753e-06
A8: RTL7 | B8: 12 | C8: 2 | D8: true | E8: 10 | F8: 2 | G8: true | H8: TRN.TCPL | I8: WRP.TCPL | J8: 2 | K8: true | L8: 134.4 | M8: 134.4 | N8: =ABS(M8-L8)/L8 | O8: basic | P8: 19.45 | Q8: 4.7000358e-06
A9: RTL8 | B9: 6 | C9: 1 | D9: false | E9: 16 | F9: 8 | G9: true | H9: TRN.TCPL | I9: WRP.TCPL | J9: 1 | K9: true | L9: 48.719998 | M9: 48.72 | N9: =ABS(M9-L9)/L9 | O9: basic | P9: 19.71 | Q9: 5.1999814e-06
A10: RTL9 | B10: 8 | C10: 4 | D10: false | E10: 5 | F10: 3 | G10: false | H10: TRN.TCPL | I10: WRP.TCPL | J10: 6 | K10: false | L10: 176.4 | M10: 176.4 | N10: =ABS(M10-L10)/L10 | O10: basic | P10: 19.11 | Q10: 4.5999768e-06
A11: RTL10 | B11: 8 | C11: 1 | D11: false | E11: 5 | F11: 1 | G11: true | H11: TRN.TCPL | I11: WRP.TCPL | J11: 2 | K11: false | L11: 58.800001 | M11: 58.8 | N11: =ABS(M11-L11)/L11 | O11: basic | P11: 18.99 | Q11: 4.200032e-06
A12: RTL11 | B12: 5 | C12: 2 | D12: false | E12: 6 | F12: 1 | G12: false | H12: TRN.TCPL | I12: WRP.TCPL | J12: 2 | K12: false | L12: 48.720001 | M12: 48.72 | N12: =ABS(M12-L12)/L12 | O12: basic | P12: 19.35 | Q12: 4.6999776e-06
A13: RTL12 | B13: 12 | C13: 2 | D13: false | E13: 5 | F13: 1 | G13: false | H13: TRN.TCPL | I13: WRP.TCPL | J13: 4 | K13: false | L13: 117.6 | M13: 117.6 | N13: =ABS(M13-L13)/L13 | O13: basic | P13: 19.33 | Q13: 4.5000343e-06
... A141: RTL40 | B141: 24 | C141: 0 | D141: false | E141: 14 | F141: 12 | G141: true | H141: TRN.TCPL | I141: WRP.TCPL | J141: 0 | K141: false | L141: 12.32 | M141: 13.16 | N141: =ABS(M141-L141)/L141 | O141: extra | P141: 18.73 | Q141: 4.5000343e-06

Sheet 汇总
A1: 模块 | B1: 基本集例数 | C1: 基本集 MAPE | D1: 独立集例数 | E1: 独立集 MAPE | F1: 全部例数 | G1: 全部 MAPE
A2: Add | B2: =COUNTIF(Add!$R$2:$R$161,"basic") | C2: =IFERROR(AVERAGEIFS(Add!$Q$2:$Q$161,Add!$R$2:$R$161,"basic"),"-") | D2: =COUNTIF(Add!$R$2:$R$161,"extra") | E2: =IFERROR(AVERAGEIFS(Add!$Q$2:$Q$161,Add!$R$2:$R$161,"extra"),"-") | F2: =COUNTA(Add!$A$2:$A$161) | G2: =IFERROR(AVERAGE(Add!$Q$2:$Q$161),"-")
A3: Sub | B3: =COUNTIF(Sub!$R$2:$R$161,"basic") | C3: =IFERROR(AVERAGEIFS(Sub!$Q$2:$Q$161,Sub!$R$2:$R$161,"basic"),"-") | D3: =COUNTIF(Sub!$R$2:$R$161,"extra") | E3: =IFERROR(AVERAGEIFS(Sub!$Q$2:$Q$161,Sub!$R$2:$R$161,"extra"),"-") | F3: =COUNTA(Sub!$A$2:$A$161) | G3: =IFERROR(AVERAGE(Sub!$Q$2:$Q$161),"-")
A4: Mul | B4: =COUNTIF(Mul!$R$2:$R$231,"basic") | C4: =IFERROR(AVERAGEIFS(Mul!$Q$2:$Q$231,Mul!$R$2:$R$231,"basic"),"-") | D4: =COUNTIF(Mul!$R$2:$R$231,"extra") | E4: =IFERROR(AVERAGEIFS(Mul!$Q$2:$Q$231,Mul!$R$2:$R$231,"extra"),"-") | F4: =COUNTA(Mul!$A$2:$A$231) | G4: =IFERROR(AVERAGE(Mul!$Q$2:$Q$231),"-")
A5: Delay | B5: =COUNTIF(Delay!$H$2:$H$101,"basic") | C5: =IFERROR(AVERAGEIFS(Delay!$G$2:$G$101,Delay!$H$2:$H$101,"basic"),"-") | D5: =COUNTIF(Delay!$H$2:$H$101,"extra") | E5: =IFERROR(AVERAGEIFS(Delay!$G$2:$G$101,Delay!$H$2:$H$101,"extra"),"-") | F5: =COUNTA(Delay!$A$2:$A$101) | G5: =IFERROR(AVERAGE(Delay!$G$2:$G$101),"-")
A6: FxMatch | B6: =COUNTIF(FxMatch!$O$2:$O$141,"basic") | C6: =IFERROR(AVERAGEIFS(FxMatch!$N$2:$N$141,FxMatch!$O$2:$O$141,"basic"),"-") | D6: =COUNTIF(FxMatch!$O$2:$O$141,"extra") | E6: =IFERROR(AVERAGEIFS(FxMatch!$N$2:$N$141,FxMatch!$O$2:$O$141,"extra"),"-") | F6: =COUNTA(FxMatch!$A$2:$A$141) | G6: =IFERROR(AVERAGE(FxMatch!$N$2:$N$141),"-")
